<?xml version="1.0" encoding="UTF-8"?>
<!DOCTYPE mapper PUBLIC "-//mybatis.org//DTD Mapper 3.0//EN" "http://mybatis.org/dtd/mybatis-3-mapper.dtd">
<mapper namespace="com.blog.dao.BloggerMapper">

    <!-- 通用查询映射结果 -->
    <resultMap id="BaseResultMap" type="com.blog.entity.Blogger">
        <id column="id" property="id" />
        <result column="userName" property="userName" />
        <result column="password" property="password" />
        <result column="profile" property="profile" />
        <result column="nickName" property="nickName" />
        <result column="sign" property="sign" />
        <result column="imageName" property="imageName" />
    </resultMap>

    <!-- 通用查询结果列 -->
    <sql id="Base_Column_List">
        id, userName, password, profile, nickName, sign, imageName
    </sql>

</mapper>
