<?xml version="1.0" encoding="UTF-8"?>
<!DOCTYPE mapper PUBLIC "-//mybatis.org//DTD Mapper 3.0//EN" "http://mybatis.org/dtd/mybatis-3-mapper.dtd">
<mapper namespace="com.blog.dao.CommentMapper">

    <!-- 通用查询映射结果 -->
    <resultMap id="BaseResultMap" type="com.blog.entity.Comment">
        <id column="id" property="id" />
        <result column="userIp" property="userIp" />
        <result column="blogId" property="blogId" />
        <result column="content" property="content" />
        <result column="commentDate" property="commentDate" />
        <result column="state" property="state" />
    </resultMap>

    <!-- 通用查询结果列 -->
    <sql id="Base_Column_List">
        id, userIp, blogId, content, commentDate, state
    </sql>

</mapper>
